{
    "initial_cash": 21000.0,
    "actual_shares": 31600,
    "base_grid": 1923.8383932271524,
    "fee_rate": 8.5e-05,
    "min_fee": 1.0,
    "adx_threshold": 15,
    "profit_protect_pct": 1.05,
    "standard_sell_atr_mult": 0.8,
    "deep_buy_firepower": 3.0,
    "deep_buy_atr_mult": 0.89,
    "trailing_stop_atr_mult": 1.0,
    "bias_threshold": -0.13823092671620768,
    "gap_up_atr_threshold": 1.0963293145736985,
    "gap_down_atr_threshold": 1.4592452683309167,
    "max_hold_days": 6,
    "use_vap_gravity": true,
    "base_shares": 600,
    "a_bias_threshold": 0.0,
    "a_buy_mult": 1.1417052769548648,
    "a_sell_mult": 2.0,
    "a_amount_mult": 0.525677670552576,
    "b_bias_threshold": -0.13823092671620768,
    "b_buy_mult": 1.109089678321651,
    "b_sell_mult": 0.4627655550731139,
    "b_amount_mult": 1.806930694827294,
    "c_bias_threshold": 0.0,
    "c_buy_mult": 0.9756114115059853,
    "c_sell_mult": 1.0,
    "c_amount_mult": 0.7087295670197971,
    "d_bias_threshold": 0.0,
    "d_buy_mult": 0.631923258981321,
    "d_sell_mult": 0.8,
    "d_amount_mult": 0.018427993897741517,
    "e_bias_threshold": 0.0,
    "e_buy_mult": 1.4361540889687767,
    "e_sell_mult": 1.0,
    "e_amount_mult": 0.5474246804508509
}