{
    "initial_cash": 21000.0,
    "actual_shares": 31600,
    "base_grid": 1534.9827093083152,
    "fee_rate": 8.5e-05,
    "min_fee": 1.0,
    "adx_threshold": 15,
    "profit_protect_pct": 1.05,
    "standard_sell_atr_mult": 0.8,
    "deep_buy_firepower": 3.0,
    "deep_buy_atr_mult": 0.89,
    "trailing_stop_atr_mult": 0.6,
    "bias_threshold": -0.06,
    "gap_up_atr_threshold": 0.34513074404250743,
    "gap_down_atr_threshold": 0.5519168147428787,
    "max_hold_days": 6,
    "use_vap_gravity": true,
    "base_shares": 0,
    "b_bias_threshold": -0.040536281896230326,
    "b_amount_mult": 1.7405238025133714,
    "b_buy_mult": 1.1188599935144012,
    "b_sell_mult": 0.3012176542894238,
    "d_amount_mult": 0.2766434171146506,
    "d_buy_mult": 0.5730181042344662,
    "d_sell_mult": 0.0,
    "c_amount_mult": 0.706191441752353,
    "c_buy_mult": 0.3935975791375265,
    "c_sell_mult": 1.3,
    "a_amount_mult": 0.6463963124618844,
    "a_buy_mult": 1.1619703094482472,
    "a_sell_mult": Infinity,
    "e_amount_mult": 0.5162139638184836,
    "e_buy_mult": 0.8561546964744948,
    "e_sell_mult": 1.5
}