{
    "initial_cash": 21000.0,
    "actual_shares": 31600,
    "base_grid": 1783.2112411482935,
    "fee_rate": 8.5e-05,
    "min_fee": 1.0,
    "adx_threshold": 21,
    "profit_protect_pct": 1.05,
    "standard_sell_atr_mult": 0.8,
    "deep_buy_firepower": 3.0,
    "deep_buy_atr_mult": 0.89,
    "trailing_stop_atr_mult": 0.6,
    "bias_threshold": -0.06,
    "gap_up_atr_threshold": 0.3489803991605245,
    "gap_down_atr_threshold": 1.2114864113535784,
    "max_hold_days": 3,
    "use_vap_gravity": true,
    "base_shares": 0,
    "b_bias_threshold": -0.13841552839651738,
    "b_amount_mult": 1.871573102519513,
    "b_buy_mult": 1.0569281704331979,
    "b_sell_mult": 0.47723710823974547,
    "d_amount_mult": 0.21859732448822541,
    "d_buy_mult": -0.32345559867101636,
    "d_sell_mult": Infinity,
    "c_amount_mult": 0.6179433859086957,
    "c_buy_mult": 0.9734955897842341,
    "c_sell_mult": 1.0,
    "a_amount_mult": 0.6729856233004818,
    "a_buy_mult": 1.1090971895031747,
    "a_sell_mult": 2.0,
    "e_amount_mult": 0.9828927126496602,
    "e_buy_mult": 1.4397984830049002,
    "e_sell_mult": 0.5
}